[[{"pagename":{"pagenames":"Homepage"}},{"ImageAlt":{"Impact":"High","Violation":"Images must have alternative text","GuidelineNo":"WCAG 1.1.1 Non-text Content","Suggestion":"Ensure functional and informative images must have proper and meaningful alternative text(i.e alt=\"Home page\")\n\nIf the image is background then alt must be null(i.e alt=\"\").\n\nIf the image is decorative then no need to provide alt fo that image\n\nEnsure to use either alt or aria-label or aria-labelledby\n\nIf aria-label or aria-labbelledby is provided proper and meaningful text have to be provided.\n\nElement's default semantics were not overridden with role=\"presentation\"","IssueDescription":"No altenative text for image","AffectedUsers":"Visual impairments\nHearing impairments","Standard":"WCAG 2.1\nWCAG 2.0\nSection 508","Sources":["<img class=\"brand-tag\" src=\"/cosho/resources/img/brandTag/tag3.png;jsessionid=B9124EF4737B4E9154C1B377B3BBE531\">","<img class=\"mySlides\" src=\"/cosho/resources/img/slideShow/slideImg1.jpg;jsessionid=B9124EF4737B4E9154C1B377B3BBE531\" style=\"display: block;\">","<img class=\"mySlides\" src=\"/cosho/resources/img/slideShow/slideImg2.jpg;jsessionid=B9124EF4737B4E9154C1B377B3BBE531\" style=\"display: none;\">","<img class=\"mySlides\" src=\"/cosho/resources/img/slideShow/slideImg3.jpg;jsessionid=B9124EF4737B4E9154C1B377B3BBE531\" style=\"display: none;\">","<img class=\"mySlides\" src=\"/cosho/resources/img/slideShow/slideImg4.jpg;jsessionid=B9124EF4737B4E9154C1B377B3BBE531\" style=\"display: none;\">","<img class=\"mySlides\" src=\"/cosho/resources/img/slideShow/slideImg5.jpg;jsessionid=B9124EF4737B4E9154C1B377B3BBE531\" style=\"display: none;\">","<img class=\"mySlides\" src=\"/cosho/resources/img/slideShow/slideImg6.jpg;jsessionid=B9124EF4737B4E9154C1B377B3BBE531\" style=\"display: none;\">","<img class=\"myImg\" src=\"/cosho/resources/img/display1/displayImg1.jpg;jsessionid=B9124EF4737B4E9154C1B377B3BBE531\">","<img class=\"myImg\" src=\"/cosho/resources/img/display1/displayImg2.jpg;jsessionid=B9124EF4737B4E9154C1B377B3BBE531\">","<img class=\"myImg\" src=\"/cosho/resources/img/display1/displayImg3.jpg;jsessionid=B9124EF4737B4E9154C1B377B3BBE531\">","<img class=\"myImg\" src=\"/cosho/resources/img/display1/displayImg4.jpg;jsessionid=B9124EF4737B4E9154C1B377B3BBE531\">","<img class=\"offerSlides\" src=\"/cosho/resources/img/offerSlides/bankoffer1.jpg;jsessionid=B9124EF4737B4E9154C1B377B3BBE531\" style=\"display: block;\">","<img class=\"offerSlides\" src=\"/cosho/resources/img/offerSlides/bankoffer2.jpg;jsessionid=B9124EF4737B4E9154C1B377B3BBE531\" style=\"display: none;\">","<img class=\"myImg\" src=\"/cosho/resources/img/display2/display2Header.jpg;jsessionid=B9124EF4737B4E9154C1B377B3BBE531\">","<img class=\"myImg\" src=\"/cosho/resources/img/display2/display2Img1.jpg;jsessionid=B9124EF4737B4E9154C1B377B3BBE531\">","<img class=\"myImg\" src=\"/cosho/resources/img/display2/display2Img2.jpg;jsessionid=B9124EF4737B4E9154C1B377B3BBE531\">","<img class=\"myImg\" src=\"/cosho/resources/img/display2/display2Img3.jpg;jsessionid=B9124EF4737B4E9154C1B377B3BBE531\">","<img class=\"myImg\" src=\"/cosho/resources/img/display2/display2Img4.jpg;jsessionid=B9124EF4737B4E9154C1B377B3BBE531\">","<img class=\"myImg\" src=\"/cosho/resources/img/display2/display2Img5.jpg;jsessionid=B9124EF4737B4E9154C1B377B3BBE531\">","<img class=\"myImg\" src=\"/cosho/resources/img/display2/display2Img6.jpg;jsessionid=B9124EF4737B4E9154C1B377B3BBE531\">","<img class=\"myImg\" src=\"/cosho/resources/img/display2/display2Img7.jpg;jsessionid=B9124EF4737B4E9154C1B377B3BBE531\">","<img class=\"myImg\" src=\"/cosho/resources/img/display2/display2Img8.jpg;jsessionid=B9124EF4737B4E9154C1B377B3BBE531\">"]}},{"mainLandmark":{"Impact":"Medium","Violation":"Page must contain at least one main landmark","GuidelineNo":"Best Practices","Suggestion":"Page must have atleast one main landmark.\n\nIf there are any iframe elements then each ifram must have no main landmark or atmost one main landmark.\n\nEnsure atleast aria role as role=\"main\" or html main element is provided in page.","IssueDescription":"Ensure the page has atleast one main landmark","AffectedUsers":"Visual impairments\nHearing impairments","Standard":"WCAG 2.0\nWCAG 2.1\nSection 508","Sources":["<html xmlns=\"http://www.w3.org/1999/xhtml\">"]}},{"landmarkCheck":{"Impact":"Medium","Violation":"All Page content must contain within landmarks regions","GuidelineNo":"Best Practices","Suggestion":"Ensure page contains atleast three landmarks like banner,main and contentinfo\n\nEnsure page contains atleast one main landmark, atmost one contentinfo and banner landmark\n\nEnsure html elements or aria role is provided for the page\n\nEnsures that all content on a page is contained within a landmark region.\n\nIt is best practice to contain all page content except the skip links like skip to main content links, within distinct regions such as the header, nav, main, and footer.","IssueDescription":"Ensure page contains landmarks","AffectedUsers":"Visual impairments\nHearing impairments","Standard":"WCAG 2.0\nWCAG 2.1\nSection 508","Sources":["<html xmlns=\"http://www.w3.org/1999/xhtml\">"]}},{"h1Check":{"Impact":"Medium","Violation":"A web page or at least one of its frames must contains a level-one heading","GuidelineNo":"Best Practices","Suggestion":"Page must have a atleast one h1 level heading in the page.\n\nEnsure that the page, or at least one of its frames contains a level-one heading\n\nIt is best practice to ensure that h1 is provided at the beginning of the main content","IssueDescription":"Ensure page have atleast one h1 heading present in the page.","AffectedUsers":"Visual impairments\nHearing impairments","Standard":"WCAG 2.0\nWCAG 2.1\nSection 508","Sources":["<html xmlns=\"http://www.w3.org/1999/xhtml\">"]}},{"FindLabel":{"Impact":"Medium","Violation":"labels must be provided for the form element","GuidelineNo":"WCAG 3.3.2 Labels or Instructions","Suggestion":"Ensure valid and appropriate text is provided for aria-label\n\nEnsure every input form field have an accessible name \n\nForm element does not have an implicit (wrapped) <label>\n\nEnsure either title or aria-lable or aria-labelledby is provided in the page.\n\nEnsure visible label name is provided for the form fields.","IssueDescription":"Accessible label name have to be provided for the form elements","AffectedUsers":"Cognitive\nLanguage and Learning disabilities","Standard":"WCAG 2.1\nWCAG 2.0\nSection 508","Sources":["<input type=\"search\" name=\"search\" placeholder=\"Search\">"]}},{"langCheck":{"Impact":"Medium","Violation":"language attribute must be provided for html and xml","GuidelineNo":"WCAG 3.1.1 Language of Page","Suggestion":"Ensure valid lang attribute is provided inside the html document so that page content is pronounced correctly\n\nHtml lang attribute must not be empty\n\nValid language code for lang attribute have to be provided as a default language of the web page inside the <html> element\n\nThe <html> element must have a valid lang attribute\n\nThe <html> and xml:lang muat have same base language\n\nEnsure to specify a default valid language\n\nEnsures every HTML document has a lang attribute with a valid value and, if present, the xml:lang value duplicates the lang value.","AffectedUsers":"Language and learning disabilities\nCognitive","Standard":"WCAG 2.0\nWCAG 2.1","Issuedescription":"Ensures every HTML document has a lang attribute","Sources":["<html xmlns=\"http://www.w3.org/1999/xhtml\">"]}},{"skipTomainContent":{"Impact":"High","Violation":"page must have atleast one bypass navigation","GuidelineNo":"WCAG 2.4.1 Bypass Blocks","Suggestion":"No valid skip link found\n\nPage does not have a header\n\nPage does not have a landmark region","IssueDescription":"Ensure each page has at least one mechanism for a user to bypass navigation and jump straight to the content","AffectedUsers":"Visual impairments\nHearing impairments","Standard":"WCAG 2.1\nWCAG 2.0\nSection 508","Sources":["<HTML>"]}},{"skipTomainContentForHeader":{"Impact":"Medium","Violation":"Page must have a mechanism to jump to main content of the page.","GuidelineNo":"WCAG 2.4.1 Bypass Blocks","Suggestion":"Ensure skip to main content link is provided to directly navigate/jumps to main content present in the page.\n\nEnsure atleast one main landmark present in the page with main content\n\nLandmarks should be used to designate pre-defined parts of the layout such as the main content section.\n\nSkip to link have to be provided to bypass certain block of content like header and navigation landmark","IssueDescription":"Page must have a mechanism to bypass repeated blocks of content and jump to main content block.","AffectedUsers":"Cognitive","Standard":"WCAG 2.1\nWCAG 2.0\nSection 508","Sources":["<HTML>"]}}]]