{"date":"2020-02-10 at 15:30:36 IST","rundetails":[{"High":4,"defectlog":{"WCAG 1.1.1 Non-text Content":1,"WCAG 2.4.1 Bypass Blocks":2,"WCAG 3.1.1 Language of Page":1,"Best Practices":3,"WCAG 3.3.2 Labels or Instructions":1},"Low":0,"Medium":6,"Blindness":5,"Mobility":0,"Cognitive":3,"PageName":"Homepage","Deafblindness":5}],"lowobservation":[],"browser":"Chrome","criticalobservation":["No altenative text for image","Ensure each page has at least one mechanism for a user to bypass navigation and jump straight to the content"],"mediumobservation":["Ensure the page has atleast one main landmark","Ensure page contains landmarks","Ensure page have atleast one h1 heading present in the page.","Accessible label name have to be provided for the form elements",null,"Page must have a mechanism to bypass repeated blocks of content and jump to main content block."],"URL":"http:\/\/localhost:8080\/cosho\/"}