[[{"pagename":{"pagenames":"Homepage"}},{"videoCaptionCheck":{"Impact":"High","Violation":"<track> is used for caption in video elements","GuidelineNo":"WCAG 1.2.2 Captions(pre-recorded)\nWCAG 1.2.3(Audio Description or Media Alternative)","Suggestion":"Ensure all <video> elements have a caption using the <track> element with caption attribute. Ensure the caption conveys all meaningful information in the <video> element; this includes, but is not limited to, dialogue, musical cues, and sound effects.","IssueDescription":"<video> elements must have a <track> for captions","AffectedUsers":"Deafness","Standard":"WCAG 2.1(AA)\nWCAG 2.0 (AA)\nSection 508","Sources":["<video>"]}},{"ImageAlt":{"Impact":"High","Violation":"Images must have alternative text","GuidelineNo":"WCAG 1.1.1 Non-text Content","Suggestion":"Ensure functional and informative images must have proper and meaningful alternative text(i.e alt=\"Home page\")\n\nIf the image is background then alt must be null(i.e alt=\"\").\n\nIf the image is decorative then no need to provide alt fo that image\n\nEnsure to use either alt or aria-label or aria-labelledby\n\nIf aria-label or aria-labbelledby is provided proper and meaningful text have to be provided.\n\nElement's default semantics were not overridden with role=\"presentation\"","IssueDescription":"Warning:Image has null alt attribute.Please verify manually","AffectedUsers":"Visual impairments\nHearing impairments","Standard":"WCAG 2.1\nWCAG 2.0\nSection 508","Sources":["<img src=\"assets/test_images/bbc-blocks-dark.png\">","<img alt=\"\" src=\"assets/test_images/bbc-blocks-dark.png\" title=\"BBC\">","<img alt=\"\" src=\"assets/test_images/bbc-blocks-dark.png\">","<img alt=\"\" src=\"assets/test_images/bbc-blocks-dark.png\">","<object data=\"foo\">","<img alt=\"\" height=\"1\" src=\"assets/test_images/spacer.gif\" width=\"100\">"]}},{"ariaAttributeCheck":{"Impact":"High","Violation":"Proper aria value have to be provided","GuidelineNo":"WCAG 1.3.1 Info And Relationships","Suggestion":"Ensure proper aria attribute  value is provided\n\nEnsure value for aria-attribute provided is spelled correctly and corresponding to valid ARIA attribute names","AffectedUsers":"Visual impairments\nHearing impairments","issue description":"Provided aria attribute value is improper or invalid or misspelled","Sources":["<h3 class=\"heading-medium\" id=\"html-invalid-aria-role-names\">","<a href=\"tests/html-invalid-aria-role-names.html\">"]}},{"groupcheck":{"Violation":"Radio button and checkbox grouping must be provided","GuidelineNo":"WCAG 1.3.1 Info And Relationship","Impact":"Medium","Suggestion":"Grouping fo the checkbox have to be provided.\n\nGrouping fo the checkbox have to be provided.Use <Fieldset> and appropriate <legend> tags for grouping a checkbox\n\nUse <Fieldset> and appropriate <legend> tags for grouping a radio buttons\n\nFor aria grouping, use role as group and aria-label or aria-labelledby.\n\nAssign an id to the input element and refere that id in the label element\nAll checkbox groups and radio buttons groups must have either a proper aria-labelledby value for all group members, or a proper containing fieldset","IssueDescription":"Grouping for radio button  and checkbox should be provided","AffectedUsers":"Visual impairments\nHearing impairments","Standard":"Best Practices","Sources":["<input id=\"radio-inline-1\" name=\"radio-inline-group\" type=\"radio\" value=\"Yes\">","<input id=\"waste-type-1\" name=\"waste-types\" type=\"checkbox\" value=\"waste-animal\">","<input id=\"nationality_british\" name=\"nationality.british\" type=\"checkbox\" value=\"true\">","<input id=\"nationality_irish\" name=\"nationality.irish\" type=\"checkbox\" value=\"true\">","<input id=\"nationality_hasOtherCountry\" name=\"nationality.hasOtherCountry\" type=\"checkbox\" value=\"true\">"]}},{"Emptybutton":{"Impact":"High","Violation":"Buttons must have meaningful name ","GuidelineNo":"WCAG 4.1.2 Name, Role, Value","Suggestion":"Ensure buttons have meaningful name that clearly describes the pupose\n\nEnsure every button functionality have button element or role as button\n\nElement has no value attribute or the value attribute is empty\n\nIf aria-label attribute exsits ensure it is not empty\n\nEnsure aria-label attribute text is meaningful and convey the purpose of the button\n\nEmpty title should not be provided for the element\n\nTitle should be meaningful, and convey the purpose of the button.","IssueDescription":"Buttons must have discernible text that clearly describes the purpose.","AffectedUsers":"Visual impairments\nCognitive\nPhysical impairments","Standard":"WCAG 2.1\nWCAG 2.0\nSection 508","Sources":["<button>"]}},{"EmptyLinks":{"Impact":"High","Violation":"Link must be a discernible text","GuidelineNo":"WCAG 2.4.4 Link Purpose","Suggestion":"Element does not have text that is visible to screen readers\n\naria-label attribute does not exist or is empty\naria-labelledby attribute does not exist, references elements that do not exist or references elements are empty","IssueDescription":"Ensures links have discernible text","AffectedUsers":"Visual impairments,Cognitive","Standard":"WCAG 2.1\nWCAG 2.0\nSection 508","Sources":["<a href=\"http://www.bbc.co.uk\">","<a href=\"http://www.google.com\">"]}},{"listChildrenCheckUL":{"Impact":"Low","Violation":"List item lists are structured correctly within <ul>","GuidelineNo":"WCAG 1.3.1 Info And Relationships","Suggestion":"All list items <li> must be within <ul>\n\nList item must have a <ul> or <ol> as a parent element for <li>\n\nEnsures that lists are structured correctly.","IssueDescription":"All list elements must be within unordered list elements.","AffectedUsers":"Visual impairments\nHearing impairments","Standard":"WCAG 2.1\nWCAG 2.0","Sources":["<ul>"]}},{"FindLabel":{"Impact":"Medium","Violation":"labels must be provided for the form element","GuidelineNo":"WCAG 3.3.2 Labels or Instructions","Suggestion":"Ensure valid and appropriate text is provided for aria-label\n\nEnsure every input form field have an accessible name \n\nForm element does not have an implicit (wrapped) <label>\n\nEnsure either title or aria-lable or aria-labelledby is provided in the page.\n\nEnsure visible label name is provided for the form fields.","IssueDescription":"Accessible label name have to be provided for the form elements","AffectedUsers":"Cognitive\nLanguage and Learning disabilities","Standard":"WCAG 2.1\nWCAG 2.0\nSection 508","Sources":["<input src=\"assets/test_images/submit.png\" type=\"image\">","<input alt=\"click\" src=\"assets/test_images/submit.png\" type=\"image\">","<input alt=\"\" src=\"assets/test_images/submit.png\" type=\"image\">","<input class=\"has-errors\" name=\"name\" type=\"text\">","<input name=\"surname\" type=\"text\">","<input class=\"has-errors\" name=\"date-of-birth\" type=\"text\">","<input id=\"missing-labels-month\" type=\"text\">","<input id=\"missing-labels-year\" type=\"text\">","<input class=\"has-errors\" pattern=\"7[0-9]{9}\" required type=\"tel\">","<input type=\"text\">","<input class=\"has-errors\" name=\"name\" type=\"text\">","<input name=\"surname\" type=\"text\">","<input class=\"has-errors\" name=\"date-of-birth\" type=\"text\">","<input id=\"search-main\" name=\"q\" placeholder=\"Search\" type=\"search\">","<input name=\"name\" type=\"text\">","<input name=\"surname\" type=\"text\">","<input name=\"date-of-birth\" type=\"text\">","<input type=\"text\">"]}},{"headingid":{"Violation":"Ensure headings hierarchy must be properly","GuidelineNo":"Best Practices","Impact":"Medium","Suggestion":"Ensure heading hierarchical order follow sequentially-descending order(i.e h1 to h6).\n\nEnsure atleast one h1 heading present in the page.","IssueDescription":"Ensures heading level is in logical order","AffectedUsers":"Visual impairments\nHearing impairments","Sources":["<h5>Heading 5<\/h5>"]}},{"Duplicate ID":{"Impact":"Low","Violation":"Unique id must be provided","GuidelineNo":"WCAG 4.1.1 Parsing","Suggestion":"Document must not have multiple  elements with the same id attribute\n\nEnsure every aria id is unique.The value assigned to an aria id must be unique to prevent assistive technology to overlook the second instance of the id\n\nEnsure id attribute uniquely identifies elements on a page.\n\nEnsure values assigned to active id attribute must be unique.","IssueDescription":"Ensure unique id attribute is provided","AffectedUsers":"Screenreader users","Standard":"WCAG 2.0\nWCAG 2.1","Sources":["<div id=\"nav\">"]}},{"iframeTitle":{"Impact":"Medium","Violation":"Document contains iframeTitle","GuidelineNo":"Best Practices","Suggestion":"Ensure that all iframe elements contain a unique and non-empty title attribute\n\nTitle attribute must be clear, unique, brief and informative","IssueDescription":"Provide title for iframe","AffectedUsers":"Visual impairments\nHearing impairments\nMobility/Dexterity","Standard":"WCAG 2.0\nWCAG 2.1\nSection 508","Sources":["<iframe height=\"100\" src=\"example-pages/demo.html\" width=\"300\">"]}},{"inputImageCheck":{"Impact":"High","GuidelineNo":"WCAG 1.1.1 Non-text Content","Violation":"Image buttons must have alternate text","Suggestion":"Ensure image button do not have null or empty alternative text.\n\nEnsure proper and meaningful alternative text is provided to convey the context and purpose of the image button.\n\nEnsure proper aria-label or aria-labelledby is provided for the image button\n\nDo not use css with display: none or aria-hidden=\"true\" for the image button.","IssueDescription":"Ensures image buttons have meaningful alternative text","AffectedUsers":"Visual impairments\nHearing impairments","Standard":"WCAG 2.1\nWCAG 2.0\nSection 508","Sources":["<input src=\"assets/test_images/submit.png\" type=\"image\">"]}},{"linkAltCheck":{"Violation":"Links should not have same alternative text.","GuidelineNo":"WCAG 4.1.2  Name, Role, Value","Impact":"High","Suggestion":"Ensures different links have different alternative text\n\nEnsure every link have a label associated for it.\n\nEnsure there is no empty alt attribute\n\nNo redunant text should be provided for different Links.\n\nEnsure there is no empty aria-label attribute.","IssueDescription":"Ensures different links does not have same alt attribute value.","AffectedUsers":"Visual impairments\nCognitive\nPhysical impairments","Sources":["<a href=\"https://en.wikipedia.org/wiki/Red_panda\">"]}},{"skipTomainContent":{"Impact":"High","Violation":"page must have atleast one bypass navigation","GuidelineNo":"WCAG 2.4.1 Bypass Blocks","Suggestion":"No valid skip link found\n\nPage does not have a header\n\nPage does not have a landmark region","IssueDescription":"Ensure each page has at least one mechanism for a user to bypass navigation and jump straight to the content","AffectedUsers":"Visual impairments\nHearing impairments","Standard":"WCAG 2.1\nWCAG 2.0\nSection 508","Sources":["<HTML>"]}},{"tagrolecheck":{"GuidelineNo":"WCAG 4.1.2 Name Role Value","Violation":"Appropriate Value should be provided for the role","Impact":"High","Suggestion":"Ensure proper role is provided for the element\n\nEnsure unnecessary roles are not provided for the element","IssueDescription":"Element should have an appropriate role provided in the web page/application","AffectedUsers":"Visual impairments\nCognitive\nPhysical impairments\nHearing impairments","Sources":["<ol>","<ol>"]}},{"rolePresentation":{"Impact":"Low","GuidelineNo":"WCAG 4.1.2 Name Role Value","Violation":"Appropriate Value should be provided for the role-attribute","Suggestion":"Ensure role as presentation is used only when it is required.\n\nDo not use role as presentation unnecessarily.","IssueDescription":"Ensures role attribute has an appropriate value for the element","AffectedUsers":"Visual impairments\nHearing impairments","Sources":["<img alt=\"Decorative line clipart\" height=\"118\" role=\"presentation\" src=\"assets/test_images/decoration.png\" width=\"368\">"]}},{"audioCaptionCheck":{"Impact":"High","Violation":"Video elements must have audio descriptions in <track> element.","GuidelineNo":"WCAG 1.2.3 Audio Description or Media Alternative (Prerecorded)","Suggestion":"Ensures video elements have audio descriptions.\n\nvideo elements have audio descriptions that provide all relevant information.\n\nEnsure to provide kind=\"descriptions\" and src in track element.The kind attribute describes the contents of the file in src.","IssueDescription":"Video elements must have audio descriptions in <track> element.","AffectedUsers":"Visual impairments","Standard":"WCAG 2.1\nWCAG 2.0\nSection 508","Sources":["<video controls=\"\">"]}},{"pageTitle":{"Impact":"High","Violation":"Text description must be provided for the audio elements","GuidelineNo":"WCAG 1.2.2 Captions (Prerecorded)","Suggestion":"Ensure all <audio> elements have a caption using the <track> element with caption attribute.\n\nEnsure the caption conveys all meaningful information in the <audio> element\n\nSpecify kind=\"captions\" in audio <track> element\n\nEnsure synchronized captions/transcript provided for the audio in the page.","IssueDescription":"","AffectedUsers":"Hearing impairments","Standard":"WCAG 2.1\nWCAG 2.0\nSection 508","Sources":["<audio controls=\"\" src=\"http://developer.mozilla.org/@api/deki/files/2926/=AudioTest_(1).ogg\">"]}},{"videoCaptionCheck":{"Impact":"High","Violation":"<track> is used for caption in video elements","GuidelineNo":"WCAG 1.2.2 Captions(pre-recorded)","Suggestion":"Ensure all <video> elements have a caption using the <track> element with caption attribute.\n\nEnsure the caption conveys all meaningful information in the <video> element\n\nSpecify kind=\"captions\" in video element\n\nEnsure synchronized captions are provided for the page","IssueDescription":"<video> elements must have a <track> for captions","AffectedUsers":"Hearing impairments","Standard":"WCAG 2.1\nWCAG 2.0\nSection 508","Sources":["<video controls=\"\">"]}},{"emptyHeading":{"Impact":"Medium","GuidelineNo":"WCAG 1.3.1 Info And Relationships","Violation":"Ensure headings are not empty and follow hierarchical order.","Suggestion":"Ensure there are no empty headings present in th page.\n\nHeading text must not be hidden. Make sure css display: none or aria-hidden=\"true\" is not provided for the heading elements.Make sure elements have text that is visible to screen readers\n\nHeadings should be brief, clear and unique.\n\nEnsure heading structure follows the levels in hierarchical order to convey the structure of the webpage.","IssueDescription":"Ensure no empty headings and headings should follow hierarchical order","AffectedUsers":"Visual impairments\nHearing impairments","Standard":"WCAG 2.0\nWCAG 2.1\nSection 508","Sources":["<h4>"]}},{"scopevalidCheck":{"Impact":"Medium","Violation":"Proper scope attribute should be used within <th> and <td> element.","GuidelineNo":"WCAG 1.3.1 Info And Relationships","Suggestion":"Instead of using cells with <colspan>, use <caption> to visually indicate a caption.","IssueDescription":"Ensure to use <caption> for table.","AffectedUsers":"Visual impairments\nHearing impairments","Standard":"WCAG 2.0\nWCAG 2.1\nSection 508","Sources":["<table>"]}},{"checkValidHref":{"Impact":"Medium","Violation":"Anchor links must be used with valid URLs","GuidelineNo":"Best Practices","Suggestion":"Ensure anchor <a> tag has href\n\nAvoid using href=\"\" or href=\"#\". The use of \"#\" as the hypertext reference essentially means that the anchor points to nothing.\n\nProvide a valid link destination in the href attribute.\n\nEnsure to place a valid link in href attribute.","IssueDescription":"Anchor<a> must have href valid URLs or URL fragments","AffectedUsers":"Visual impairments\nHearing impairments","Standard":"Best Practices","Sources":["<a class=\"not-visible-outline-link\" href=\"#\">","<a href=\"#\">","<a class=\"colour-alone-link\" href=\"#\">","<a href=\"#\">","<a class=\"open-lightbox-close-button\" href=\"#\">","<a class=\"first\" href=\"#\">","<a class=\"second\" href=\"#\">","<a class=\"Third\" href=\"#\">","<a href=\"#\">","<a href=\"#\">","<a href=\"#\">","<a class=\"open-lightbox-unescapable\" href=\"#\">","<a title=\"Close lightbox\" class=\"close-button\" href=\"#\">","<a class=\"open-lightbox-focus-far\" href=\"#\">","<a class=\"open-lightbox-not-focused\" href=\"#\">","<a title=\"Close lightbox\" class=\"close-button\" href=\"#\">"]}},{"listParent":{"Impact":"Low","GuidelineNo":"WCAG 1.3.1 Info And Relationships","Violation":"list element must be used semantically","Suggestion":"All list items <li> and must be within <ul> or <\/ol>\n\nList item must have a <ul> or <ol> as a parent element for <li>\n\nEnsures that lists are structured correctly.","IssueDescription":"Ensure all list item <li> elements are wrapped inside of <ul> or <ol> parent elements.","AffectedUsers":"Visual impairments\nHearing impairments","Standard":"WCAG 2.1\nWCAG 2.0","Sources":["<li>"]}},{"DtDdParent":{"GuidelineNo":"WCAG 1.3.1 Info And Relationships","Violation":"Ensures that all child dd and dt elements have a dl as a parent.","Impact":"Low","Suggestion":"Ensure <dl>, <dt> and <dd> elements are placed according to the proper Parent-Child hierarchy.\n\nWrap <dt> and <dd> elements within its parent <dl> element.If this hierarchy is not followed, the list will be invalid.","IssueDescription":"Inorder to understand the proper hierarchy of information in the list, wrap dt and dd elements in dl element.","AffectedUsers":"Visual impairments\nHearing impairments","Sources":["<dt>","<dd>"]}},{"skipTomainContentForHeader":{"Impact":"Medium","Violation":"Page must have a mechanism to jump to main content of the page.","GuidelineNo":"WCAG 2.4.1 Bypass Blocks","Suggestion":"Ensure skip to main content link is provided to directly navigate/jumps to main content present in the page.\n\nEnsure atleast one main landmark present in the page with main content\n\nLandmarks should be used to designate pre-defined parts of the layout such as the main content section.\n\nSkip to link have to be provided to bypass certain block of content like header and navigation landmark","IssueDescription":"Page must have a mechanism to bypass repeated blocks of content and jump to main content block.","AffectedUsers":"Cognitive","Standard":"WCAG 2.1\nWCAG 2.0\nSection 508","Sources":["<HTML>"]}},{"validRoleCheck":{"Impact":"High","Violation":"ARIA roles used must conform to valid values","GuidelineNo":"WCAG 1.3.1 Info and Relationships\nWCAG 4.1.2 Name, Role, Value","Suggestion":"Ensure role is provided for the respective element\n\nEnsure relevent value provided for the role according to the content and structure of the page","IssueDescription":"Proper and valid role have to be provided","AffectedUsers":"Visual impairments\nCognitive\nPhysical impairments\nHearing impairments","Standard":"WCAG 2.1\nWCAG 2.0","Sources":["<ol class=\"group\" role=\"breadcrumbs\">"]}},{"listChildrenCheckDL":{"Impact":"Low","Violation":"Ensures that all dl elements are structured correctly.\n\nDocument must have proper title for the page.","GuidelineNo":"WCAG 2.4.2 Page Titled","Suggestion":"The HTML document must have a title element\n\nEnsure title provided is unique, brief, clear and informative. Title should be short and define the page content\n\nEnsure <dl> elements contain <dt> and <dd> elements.\n\nEach set of dt elements must be followed by one or more dd elements.Make sure these are properly ordered, dt should precede dd elements.","IssueDescription":"Document must have informative title tag.Elements <dt> and <dd> must contain within <dl> elements in proper order.","AffectedUsers":"Visual impairments\nHearing impairments","Standard":"WCAG 2.1\nWCAG 2.0","Sources":["<dl class=\"concertina\">"]}}]]