{"Homepage":["{\"ratios\":3.7,\"outerhtmls\":\"<a href=\\\"#pagetitle\\\">Page Title<\/a>\"}","{\"ratios\":4.4,\"outerhtmls\":\"<p class=\\\"low-contrast-small-aa\\\">This small text does not have enough contrast with it's background<\/p>\"}","{\"ratios\":3.4,\"outerhtmls\":\"<p class=\\\"low-contrast-large-aa\\\">This small text does not have enough contrast with it's background<\/p>\"}","{\"ratios\":2.9,\"outerhtmls\":\"<p class=\\\"low-contrast-small-aaa\\\">This small text does not have enough contrast with it's background<\/p>\"}","{\"ratios\":3.4,\"outerhtmls\":\"<p class=\\\"low-contrast-large-aa\\\">This small text does not have enough contrast with it's background<\/p>\"}","{\"ratios\":1.2,\"outerhtmls\":\"<div class=\\\"validation-summary\\\" role=\\\"alert\\\">\\n                You need to fix the errors on this page before continuing.\\n            <\/div>\"}"]}