{"date":"2020-03-16 at 17:21:35 IST","rundetails":[{"High":19,"defectlog":{"WCAG 1.1.1 Non-text Content":2,"WCAG 2.4.1 Bypass Blocks":2,"WCAG 2.4.4 Link Purpose":1,"WCAG 1.3.1 Info And Relationships":8,"WCAG 4.1.1 Parsing":1,"WCAG 4.1.2 Name, Role, Value":5,"Best Practices":3,"WCAG 2.4.2 Page Titled":1,"WCAG 1.2.2 Captions(pre-recorded)":3,"WCAG 3.3.2 Labels or Instructions":1},"Low":6,"Medium":8,"Blindness":21,"Mobility":5,"Cognitive":7,"PageName":"Homepage","Deafblindness":19}],"lowobservation":["All list elements must be within unordered list elements.","Ensure unique id attribute is provided","Ensures role attribute has an appropriate value for the element","Ensure all list item <li> elements are wrapped inside of <ul> or <ol> parent elements.","Inorder to understand the proper hierarchy of information in the list, wrap dt and dd elements in dl element.","Document must have informative title tag.Elements <dt> and <dd> must contain within <dl> elements in proper order."],"browser":"Chrome","criticalobservation":["<video> elements must have a <track> for captions","Warning:Image has null alt attribute.Please verify manually",null,"Buttons must have discernible text that clearly describes the purpose.","Ensures links have discernible text","Ensures image buttons have meaningful alternative text","Ensures different links does not have same alt attribute value.","Ensure each page has at least one mechanism for a user to bypass navigation and jump straight to the content","Element should have an appropriate role provided in the web page\/application","Video elements must have audio descriptions in <track> element.","","Proper and valid role have to be provided"],"mediumobservation":["Grouping for radio button  and checkbox should be provided","Accessible label name have to be provided for the form elements","Ensures heading level is in logical order","Provide title for iframe","Ensure no empty headings and headings should follow hierarchical order","Ensure to use <caption> for table.","Anchor<a> must have href valid URLs or URL fragments","Page must have a mechanism to bypass repeated blocks of content and jump to main content block."],"URL":"https:\/\/alphagov.github.io\/accessibility-tool-audit\/test-cases.html"}